{
  "Classiques": [
    "MMLU",
    "HELM",
    "BIG-Bench",
    "Chatbot Arena"
  ],
  "Statistiques": [
    "ECE",
    "Brier",
    "Platt",
    "Isotonic",
    "Temperature scaling"
  ],
  "Dynamiques": [
    "Continual learning",
    "Concept drift",
    "Model editing"
  ],
  "Multi-sources": [
    "RAG",
    "API functions",
    "ReAct"
  ],
  "Éthique": [
    "Bias mitigation",
    "Refus",
    "Constitutional AI"
  ],
  "Cognitif": [
    "Chain-of-Thought",
    "Self-consistency",
    "Self-reflection",
    "Multi-agent debate"
  ],
  "Créatif": [
    "Diversité lexicale",
    "Cohérence narrative",
    "Surprise"
  ],
  "Réglementaire": [
    "RGPD",
    "HIPAA",
    "NIST RMF",
    "ISO 42001",
    "EU AI Act"
  ],
  "Sectoriel": [
    "Santé",
    "Droit",
    "Finance",
    "BTP",
    "Éducation"
  ],
  "Tech avancées": [
    "Vision+Texte",
    "Agents web",
    "Robotique simulée"
  ],
  "Environnemental": [
    "Empreinte carbone",
    "Quantization",
    "Distillation"
  ],
  "Socioculturel": [
    "Localisation",
    "Langues minoritaires"
  ],
  "Expérimental": [
    "ROM E/MEMIT",
    "RLAIF",
    "Adversarial training",
    "Méta-calibration"
  ]
}